{
    "sections": [
        {
            "id": "0783BA8E-6C05-4902-9F4F-CA7905295BB7",
            "name": "Coffee",
            "drinks": [
                {
                    "id": "3221353D-DFAC-4BD9-8624-D4810A02F285",
                    "name": "Americano",
                    "caffeine": [100, 180, 250],
                    "coffeeBased": true,
                    "servedWithMilk": true,
                    "baseCalories": 20
                },
                {
                    "id": "B6C978D6-4943-4463-8D43-56571EE50284",
                    "name": "Cappuccino",
                    "caffeine": [80, 150, 220],
                    "coffeeBased": true,
                    "servedWithMilk": true,
                    "baseCalories": 80
                },
                {
                    "id": "1CCF7094-D58D-4A09-B15B-AD579603B9F9",
                    "name": "Cortado",
                    "caffeine": [100, 180, 250],
                    "coffeeBased": true,
                    "servedWithMilk": true,
                    "baseCalories": 40
                },
                {
                    "id": "2DA502E1-06C1-4F9C-97B4-74BECA5C154A",
                    "name": "Espresso",
                    "caffeine": [100, 180, 250],
                    "coffeeBased": true,
                    "servedWithMilk": false,
                    "baseCalories": 5
                },
                {
                    "id": "33C363E4-C802-4CB3-A045-0FDAB76142D7",
                    "name": "Flat White",
                    "caffeine": [60, 120, 200],
                    "coffeeBased": true,
                    "servedWithMilk": true,
                    "baseCalories": 60
                },
                {
                    "id": "9F900841-67E3-4B6E-9065-69023FBA9B8E",
                    "name": "Latte",
                    "caffeine": [60, 120, 200],
                    "coffeeBased": true,
                    "servedWithMilk": true,
                    "baseCalories": 120
                },
                {
                    "id": "59F7CB30-18C7-43C1-A1B0-94E22D06C2A4",
                    "name": "Macchiato",
                    "caffeine": [100, 180, 250],
                    "coffeeBased": true,
                    "servedWithMilk": true,
                    "baseCalories": 40
                },
                {
                    "id": "A14567DA-9E62-4740-8352-A4ECA46CA2F7",
                    "name": "Mocha",
                    "caffeine": [100, 180, 250],
                    "coffeeBased": true,
                    "servedWithMilk": true,
                    "baseCalories": 140
                }
            ]
        },
        {
            "id": "28293156-D947-464E-8145-EA168681AB9E",
            "name": "Tea",
            "drinks": [
                {
                    "id": "F420C34C-7F10-4487-ADBA-6906E56D7D0B",
                    "name": "Chai Latte",
                    "caffeine": [30, 50, 80],
                    "coffeeBased": false,
                    "servedWithMilk": true,
                    "baseCalories": 50
                },
                {
                    "id": "719FD3A1-C7C1-4C1F-BF50-D34BBBA3CC1B",
                    "name": "Darjeeling",
                    "caffeine": [15, 25, 32],
                    "coffeeBased": false,
                    "servedWithMilk": true,
                    "baseCalories": 1
                },
                {
                    "id": "5DD6FC3B-06AF-4864-A218-731A44A74D8E",
                    "name": "Earl Grey",
                    "caffeine": [30, 55, 90],
                    "coffeeBased": false,
                    "servedWithMilk": false,
                    "baseCalories": 1
                },
                {
                    "id": "23337828-2927-4766-B8CA-46C9D549DAF7",
                    "name": "English Breakfast",
                    "caffeine": [20, 30, 40],
                    "coffeeBased": false,
                    "servedWithMilk": true,
                    "baseCalories": 1
                },
                {
                    "id": "D11AF4C1-79E3-4949-9E93-15DB4FF01140",
                    "name": "Green Tea",
                    "caffeine": [30, 60, 90],
                    "coffeeBased": false,
                    "servedWithMilk": false,
                    "baseCalories": 1
                },
                {
                    "id": "953A26B0-8876-4EBF-94CB-E70F785C0B2A",
                    "name": "Mint Tea",
                    "caffeine": [0, 0, 0],
                    "coffeeBased": false,
                    "servedWithMilk": false,
                    "baseCalories": 1
                }
            ]
        },
        {
            "id": "1C07AA20-6D43-4E71-8A46-D02AA7924C8F",
            "name": "Cold Drinks",
            "drinks": [
                {
                    "id": "E13A669C-DC64-4247-B006-1C5AF0DDE494",
                    "name": "Cold Brew",
                    "caffeine": [60, 80, 120],
                    "coffeeBased": true,
                    "servedWithMilk": true,
                    "baseCalories": 30
                },
                {
                    "id": "9758F3FF-3E5F-4793-9C50-5E0802B08ACB",
                    "name": "Iced Latte",
                    "caffeine": [60, 120, 200],
                    "coffeeBased": true,
                    "servedWithMilk": true,
                    "baseCalories": 150
                },
                {
                    "id": "5E9DA395-D917-461B-BD93-70F77EA74153",
                    "name": "Iced Mocha",
                    "caffeine": [70, 140, 210],
                    "coffeeBased": true,
                    "servedWithMilk": true,
                    "baseCalories": 180
                },
                {
                    "id": "848EBB38-22AA-44C5-9F01-6FB5E871CE1D",
                    "name": "Iced Tea",
                    "caffeine": [20, 30, 40],
                    "coffeeBased": false,
                    "servedWithMilk": true,
                    "baseCalories": 80
                }
            ]
        }
    ],
    "milkOptions": [
        {
            "id": "0CB78AB8-9985-4A3A-8D73-ABEDB24CA93C",
            "name": "Whole",
            "calories": 50
        },
        {
            "id": "6429B244-32A7-4DE2-9B88-5B6E3EE3EDAB",
            "name": "Semi-skimmed",
            "calories": 35
        },
        {
            "id": "C7EC3793-B83F-400E-AD6A-D2B63EABC58D",
            "name": "Skimmed",
            "calories": 25
        },
        {
            "id": "CCFF3135-E3D0-4D19-8622-B5B7B8CCB5C9",
            "name": "Almond",
            "calories": 15
        },
        {
            "id": "374FBB52-743A-4114-8646-37D42BEB96C1",
            "name": "Coconut",
            "calories": 25
        },
        {
            "id": "F5881872-AE68-459A-B31A-F5A19EB141FD",
            "name": "Oat",
            "calories": 40
        },
        {
            "id": "77A65FF6-35B1-46E2-8D69-71781F1E20FF",
            "name": "Soya",
            "calories": 30
        }
    ],
    "syrupOptions": [
        {
            "id": "474F4E1D-1706-4AE4-9A89-EF8D5DF83DFD",
            "name": "Caramel",
            "calories": 110
        },
        {
            "id": "BBB613BE-2EAE-4422-A71E-C4ACEC04C6C9",
            "name": "Gingerbread",
            "calories": 80
        },
        {
            "id": "3F968203-7745-4E2D-836D-DEE1C563F574",
            "name": "Hazelnut",
            "calories": 120
        },
        {
            "id": "D6BEB9A7-A16B-4014-985C-CEB44D5D05A3",
            "name": "Vanilla",
            "calories": 150
        }
    ]
}
